player,what_they_are,audience_focus,recent_public_signal,why_it_matters,appfigures_status,source_confidence,source_url,relationship_status,last_checked_date
Simply,Mobile-first music learning platform and direct reference point for casual learners.,Beginner / casual learners,Potential personalization and practice feedback research target,"Useful benchmark for onboarding, motivation, pricing, and growth in app-based music education.",Credentialed Appfigures data pending; no revenue/download/rank conclusions.,Pending,https://www.hellosimply.com/simply-guitar,Internal relationship status not yet captured in this dataset. To be completed by Yousician.,2026-06-22
Flowkey,"Piano learning app focused on songs, guided lessons, and practice support.",Beginner piano learners,Confirmed feedback/product-learning surface; AI content generation remains a monitoring hypothesis,"Important benchmark for piano learning, catalog positioning, and conversion mechanics.",Credentialed Appfigures data pending; no revenue/download/rank conclusions.,Pending,https://www.flowkey.com/en,Internal relationship status not yet captured in this dataset. To be completed by Yousician.,2026-06-22
Skoove,Digital piano learning platform for beginner and intermediate players.,Beginner piano learners,Research feedback and adaptive practice signals,"Relevant for piano pedagogy, app store positioning, and paid acquisition benchmarks.",Credentialed Appfigures data pending; no revenue/download/rank conclusions.,Pending,https://www.skoove.com/en,Internal relationship status not yet captured in this dataset. To be completed by Yousician.,2026-06-22
Fender Play,Learning product connected to one of the strongest guitar brands.,Beginner guitar and bass learners,Confirmed app feedback surface; broader AI/connected-instrument roadmap remains a monitoring hypothesis,"Shows how instrument makers can extend into software, subscriptions, and beginner journeys.",Credentialed Appfigures data pending; no revenue/download/rank conclusions.,Pending,https://www.fender.com/play,Internal relationship status not yet captured in this dataset. To be completed by Yousician.,2026-06-22
Gibson App,Guitar-learning app connected to Gibson's hardware and brand ecosystem.,Beginner guitar learners and Gibson customers,Research real-time feedback and brand-led personalization,Shows how a major guitar brand can bundle learning with instrument purchase and beginner motivation.,Credentialed Appfigures data pending; no revenue/download/rank conclusions.,Pending,https://www.gibson.app/,Internal relationship status not yet captured in this dataset. To be completed by Yousician.,2026-06-22
Guitar Tricks,"Long-running online guitar lesson platform with structured courses, songs, and learning tools.",Guitar learners seeking structured lessons,"Research personalization, practice planning, and lesson recommendation signals","Important guitar-specific subscription benchmark for curriculum depth, song-led learning, and adult beginner messaging.",Credentialed Appfigures data pending; no revenue/download/rank conclusions.,Pending,https://www.guitartricks.com/,Internal relationship status not yet captured in this dataset. To be completed by Yousician.,2026-06-22
Pickup Music,Modern guitar-learning platform built around structured pathways and contemporary player identity.,Intermediate and style-specific guitar learners,"Research personalized feedback, pathway design, and practice accountability","Useful benchmark for higher-intent guitarists, modern aesthetics, community, and guided weekly practice.",Credentialed Appfigures data pending; no revenue/download/rank conclusions.,Medium,https://www.pickupmusic.com/,Internal relationship status not yet captured in this dataset. To be completed by Yousician.,2026-06-22
Rocksmith+,"Interactive music-learning service built around real instruments, song catalog, and feedback.",Practice-oriented guitar/piano learners,"Research note detection, adaptive difficulty, and song-based feedback mechanics","Important benchmark for real-time feedback, licensed songs, game-like practice, and multi-instrument expansion.",Credentialed Appfigures data pending; no revenue/download/rank conclusions.,Low,https://www.ubisoft.com/en-us/game/rocksmith/plus,Internal relationship status not yet captured in this dataset. To be completed by Yousician.,2026-06-22
Musora,"Umbrella music education platform spanning drums, piano, guitar, singing, lessons, and community.",Multi-instrument learners,"Research practice feedback, lesson recommendation, and cross-instrument learning paths",Adds an important multi-instrument subscription benchmark beyond single-instrument apps.,Credentialed Appfigures data pending; no revenue/download/rank conclusions.,Low,https://www.musora.com/,Internal relationship status not yet captured in this dataset. To be completed by Yousician.,2026-06-22
Fretello,Mobile guitar learning app focused on structured plans and guided practice.,Beginner and returning guitar learners,"Research personalization, adaptive plans, and feedback patterns","Directly relevant for guitar onboarding, lesson pacing, personalization, and app-store positioning.",Credentialed Appfigures data pending; no revenue/download/rank conclusions.,Pending,https://fretello.com/app/,Internal relationship status not yet captured in this dataset. To be completed by Yousician.,2026-06-22
Duolingo Music,Consumer education app extension into music literacy,Mass-market beginner learners,Public product and category signal; no app-performance conclusion without Appfigures.,Direct reference point for app-based music learning and beginner motivation.,Credentialed Appfigures data pending; no revenue/download/rank conclusions.,Pending,,Internal relationship status not yet captured in this dataset. To be completed by Yousician.,2026-06-22
