rank,actor_or_cluster,why_top_10,evidence_basis,what_changed_recently,data_gap,implication_style
1,Suno,Defines the investor-backed AI music creation frontier and rights-risk debate.,Series C / AI rights sources; high strategic disruption.,"See curated market-move timeline for recent funding, AI, rights, platform and partnership events.",Appfigures/traffic/internal relationship validation where relevant.,Observation only; not a recommendation.
2,Music.AI / Moises,Shows AI practice utilities scaling toward creator tooling with reported large user reach.,Music.AI Series A and Moises product/news sources.,"See curated market-move timeline for recent funding, AI, rights, platform and partnership events.",Appfigures/traffic/internal relationship validation where relevant.,Observation only; not a recommendation.
3,Simply / JoyTunes,Closest app-based learning benchmark; requires Appfigures before performance ranking.,App-store/product sources; Appfigures still required.,"See curated market-move timeline for recent funding, AI, rights, platform and partnership events.",Appfigures/traffic/internal relationship validation where relevant.,Observation only; not a recommendation.
4,Ultimate Guitar / Muse Group,"Controls song-practice habits, tabs, community and Muse Group repertoire infrastructure.","Muse Group, Ultimate Guitar and publishing/practice sources.","See curated market-move timeline for recent funding, AI, rights, platform and partnership events.",Appfigures/traffic/internal relationship validation where relevant.,Observation only; not a recommendation.
5,BandLab,Represents the creation/community path after or instead of formal learning.,BandLab official creator-community and AI/tooling sources.,"See curated market-move timeline for recent funding, AI, rights, platform and partnership events.",Appfigures/traffic/internal relationship validation where relevant.,Observation only; not a recommendation.
6,TikTok / YouTube music discovery,"Shapes discovery, song demand and creator trust before learners choose what to play.","TikTok for Artists, YouTube music AI and Spotify artist-tool sources.","See curated market-move timeline for recent funding, AI, rights, platform and partnership events.",Appfigures/traffic/internal relationship validation where relevant.,Observation only; not a recommendation.
7,Fender / Gibson / Yamaha hardware ecosystems,"Controls instrument access, beginner bundles and branded learning surfaces.",Fender/Gibson/Yamaha product and hardware-learning sources.,"See curated market-move timeline for recent funding, AI, rights, platform and partnership events.",Appfigures/traffic/internal relationship validation where relevant.,Observation only; not a recommendation.
8,Splice,Shows paid creator-tool workflows and rights-aware AI sample/tooling direction.,Splice acquisition/AI/tooling sources.,"See curated market-move timeline for recent funding, AI, rights, platform and partnership events.",Appfigures/traffic/internal relationship validation where relevant.,Observation only; not a recommendation.
9,ABRSM / Trinity / School of Rock education layer,"Defines credibility, progression and teacher/parent trust around learning.",Official exam/school/teacher organization sources.,"See curated market-move timeline for recent funding, AI, rights, platform and partnership events.",Appfigures/traffic/internal relationship validation where relevant.,Observation only; not a recommendation.
10,Spotify / labels / rights infrastructure,"Sets the rights, artist-data and licensing context for AI and repertoire products.",Spotify/UMG/WMG/RIAA rights and platform sources.,"See curated market-move timeline for recent funding, AI, rights, platform and partnership events.",Appfigures/traffic/internal relationship validation where relevant.,Observation only; not a recommendation.
